Workbook

Sheet Registro Polizze
A1: N. Polizza | B1: Data Emissione | C1: Data Scadenza | D1: Stato | E1: Tipo Cauzione | F1: Contraente | G1: P.IVA Contraente | H1: Beneficiario / Stazione Appaltante | I1: CIG | J1: Importo Garantito (€) | K1: Premio (€) | L1: Diritti (€) | M1: Imposte (€) | N1: Totale Dovuto (€) | O1: Stato Pagamento | P1: Broker / Intermediario | Q1: Compagnia Assicuratrice | R1: Note
A2: POL-2025-0001 | B2: 45672 | C2: 46036 | D2: Attiva | E2: Definitiva | F2: Costruzioni Rossi S.r.l. | G2: 01234567890 | H2: Comune di Milano — Settore Lavori Pubblici | I2: A0123456B1 | J2: 165000 | K2: 1980 | L2: 50 | M2: 49.5 | N2: =K2+L2+M2 -> 2079.5 | O2: Pagato | P2: Marsh S.p.A. | Q2: Atradius Credit Insurance | R2: Appalto manutenzione stradale
A3: POL-2025-0002 | B3: 45679 | C3: 45859 | D3: Attiva | E3: Provvisoria | F3: Edilizia Bianchi & C. S.a.s. | G3: 09876543210 | H3: ASL Roma 1 | I3: B9876543C2 | J3: 30000 | K3: 360 | L3: 50 | M3: 9 | N3: =K3+L3+M3 -> 419 | O3: Pagato | P3: AON S.p.A. | Q3: Coface | R3: Gara forniture sanitarie
A4: POL-2025-0003 | B4: 45691 | C4: 46420 | D4: Attiva | E4: Definitiva | F4: Cooperativa Edile Aurora | G4: 11223344556 | H4: Ministero delle Infrastrutture e dei Trasporti | I4: C1122334D3 | J4: 450000 | K4: 10800 | L4: 50 | M4: 270 | N4: =K4+L4+M4 -> 11120 | O4: Pagato | P4: Willis Towers Watson | Q4: Euler Hermes | R4: Lavori di ampliamento autostradale
A5: POL-2025-0004 | B5: 45698 | C5: 45878 | D5: Attiva | E5: Anticipazione | F5: Impresa Tecnica Gamma S.r.l. | G5: 22334455667 | H5: Comune di Torino | I5: D2233445E4 | J5: 200000 | K5: 3600 | L5: 50 | M5: 90 | N5: =K5+L5+M5 -> 3740 | O5: In Attesa | P5: Howden Italia | Q5: Atradius Credit Insurance | R5: Anticipazione 20% su lavori edili
A6: POL-2025-0005 | B6: 45706 | C6: 46251 | D6: Attiva | E6: Definitiva | F6: Servizi Integrati Delta S.p.A. | G6: 33445566778 | H6: Agenzia del Demanio | I6: E3344556F5 | J6: 95000 | K6: 1710 | L6: 50 | M6: 42.75 | N6: =K6+L6+M6 -> 1802.75 | O6: Pagato | P6: Marsh S.p.A. | Q6: Coface | R6: Servizi di facility management
A7: POL-2025-0006 | B7: 45717 | C7: 45901 | D7: Attiva | E7: Provvisoria | F7: Fratelli Moretti Costruzioni S.r.l. | G7: 44556677889 | H7: Comune di Napoli — Ufficio Gare | I7: F4455667G6 | J7: 50000 | K7: 600 | L7: 50 | M7: 15 | N7: =K7+L7+M7 -> 665 | O7: Pagato | P7: AON S.p.A. | Q7: Euler Hermes | R7: Gara ristrutturazione scuola primaria
A8: POL-2024-0087 | B8: 45458 | C8: 45667 | D8: Scaduta | E8: Provvisoria | F8: Società Appalti Riuniti S.c.a r.l. | G8: 55667788990 | H8: Provincia di Brescia | I8: G5566778H7 | J8: 40000 | K8: 480 | L8: 50 | M8: 12 | N8: =K8+L8+M8 -> 542 | O8: Pagato | P8: Willis Towers Watson | Q8: Atradius Credit Insurance | R8: Gara conclusa — svincolo effettuato
A9: POL-2025-0007 | B9: 45726 | C9: 46274 | D9: Attiva | E9: Definitiva | F9: Green Building Italia S.r.l. | G9: 66778899001 | H9: ANAS S.p.A. | I9: H6677889I8 | J9: 320000 | K9: 7680 | L9: 50 | M9: 192 | N9: =K9+L9+M9 -> 7922 | O9: Pagato | P9: Howden Italia | Q9: Coface | R9: Lavori di bonifica ambientale — ISO 14001
A10: POL-2024-0092 | B10: 45536 | C10: 45717 | D10: Scaduta | E10: Provvisoria | F10: Elettroimpianti Sigma S.r.l. | G10: 77889900112 | H10: ASL Toscana Centro | I10: I7788990J9 | J10: 20000 | K10: 240 | L10: 50 | M10: 6 | N10: =K10+L10+M10 -> 296 | O10: Pagato | P10: Marsh S.p.A. | Q10: Euler Hermes | R10: Non aggiudicata
A11: POL-2025-0008 | B11: 45736 | C11: 46465 | D11: Attiva | E11: Svincolo Progressivo | F11: Infrastrutture Lombarde S.r.l. | G11: 88990011223 | H11: Regione Lombardia — Direzione Lavori Pubblici | I11: J8899001K0 | J11: 280000 | K11: 6720 | L11: 50 | M11: 168 | N11: =K11+L11+M11 -> 6938 | O11: Pagato | P11: AON S.p.A. | Q11: Atradius Credit Insurance | R11: Svincolo 25% al SAL 50%
A12: POL-2025-0009 | B12: 45748 | C12: 46113 | D12: Attiva | E12: Commerciale | F12: Forniture Medicali Omega S.r.l. | G12: 99001122334 | H12: Ospedale San Raffaele | J12: 150000 | K12: 2700 | L12: 50 | M12: 67.5 | N12: =K12+L12+M12 -> 2817.5 | O12: In Attesa | P12: Willis Towers Watson | Q12: Coface | R12: Garanzia fornitura apparecchiature
A13: POL-2024-0095 | B13: 45570 | C13: 45752 | D13: Scaduta | E13: Definitiva | F13: Lavori Pubblici Meridionali S.r.l. | G13: 00112233445 | H13: Comune di Bari | I13: K0011223L1 | J13: 180000 | K13: 4320 | L13: 50 | M13: 108 | N13: =K13+L13+M13 -> 4478 | O13: Pagato | P13: Howden Italia | Q13: Euler Hermes | R13: Contratto completato
A14: POL-2025-0010 | B14: 45757 | C14: 46669 | D14: In Rinnovo | E14: Definitiva | F14: Consorzio Stabile Edilizia Sud | G14: 11223300556 | H14: Autorità Portuale di Genova | I14: L1122330M2 | J14: 520000 | K14: 12480 | L14: 50 | M14: 312 | N14: =K14+L14+M14 -> 12842 | O14: In Attesa | P14: Marsh S.p.A. | Q14: Atradius Credit Insurance | R14: In attesa rinnovo annuale
A15: POL-2025-0011 | B15: 45762 | C15: 46309 | D15: Attiva | E15: Immobiliare | F15: Immobiliare Sole Nascente S.r.l. | G15: 22334411667 | H15: Acquirenti unità abitative — Complesso Residenza Parco | J15: 1200000 | K15: 14400 | L15: 50 | M15: 360 | N15: =K15+L15+M15 -> 14810 | O15: Pagato | P15: AON S.p.A. | Q15: Euler Hermes | R15: Fideiussione D.Lgs 122/2005 — acconti su immobili
A16: POL-2025-0012 | B16: 45779 | C16: 46143 | D16: Attiva | E16: Rata di Saldo | F16: Strade & Ponti Engineering S.r.l. | G16: 33445522778 | H16: Comune di Firenze — Direzione Mobilità | I16: M3344552N3 | J16: 75000 | K16: 1350 | L16: 50 | M16: 33.75 | N16: =K16+L16+M16 -> 1433.75 | O16: Scaduto | P16: Howden Italia | Q16: Coface | R16: Rata di saldo 5% — sollecito inviato

Sheet Dashboard
A1: INSURTECH SOLUTIONS — DASHBOARD REGISTRO POLIZZE
A2: Riepilogo automatico dal foglio Registro Polizze
A4: POLIZZE ATTIVE | C4: IMPORTO GARANTITO TOTALE | E4: PREMI TOTALI (TUTTE) | G4: TOTALE DOVUTO (TUTTE)
A5: =COUNTIF('Registro Polizze'!D2:D16,"Attiva") -> 11 | C5: =SUMIF('Registro Polizze'!D2:D16,"Attiva",'Registro Polizze'!J2:J16) -> 3015000 | E5: =SUM('Registro Polizze'!K2:K16) -> 69420 | G5: =SUM('Registro Polizze'!N2:N16) -> 71905.5
A8: Ripartizione per Tipo Cauzione
A9: Tipo Cauzione | B9: N. Polizze | C9: Importo Garantito (€) | D9: Premi (€)
A10: Provvisoria | B10: =COUNTIF('Registro Polizze'!E2:E16,A10) -> 4 | C10: =SUMIF('Registro Polizze'!E2:E16,A10,'Registro Polizze'!J2:J16) -> 140000 | D10: =SUMIF('Registro Polizze'!E2:E16,A10,'Registro Polizze'!K2:K16) -> 1680
A11: Definitiva | B11: =COUNTIF('Registro Polizze'!E2:E16,A11) -> 6 | C11: =SUMIF('Registro Polizze'!E2:E16,A11,'Registro Polizze'!J2:J16) -> 1730000 | D11: =SUMIF('Registro Polizze'!E2:E16,A11,'Registro Polizze'!K2:K16) -> 38970
A12: Anticipazione | B12: =COUNTIF('Registro Polizze'!E2:E16,A12) -> 1 | C12: =SUMIF('Registro Polizze'!E2:E16,A12,'Registro Polizze'!J2:J16) -> 200000 | D12: =SUMIF('Registro Polizze'!E2:E16,A12,'Registro Polizze'!K2:K16) -> 3600
A13: Svincolo Progressivo | B13: =COUNTIF('Registro Polizze'!E2:E16,A13) -> 1 | C13: =SUMIF('Registro Polizze'!E2:E16,A13,'Registro Polizze'!J2:J16) -> 280000 | D13: =SUMIF('Registro Polizze'!E2:E16,A13,'Registro Polizze'!K2:K16) -> 6720
A14: Rata di Saldo | B14: =COUNTIF('Registro Polizze'!E2:E16,A14) -> 1 | C14: =SUMIF('Registro Polizze'!E2:E16,A14,'Registro Polizze'!J2:J16) -> 75000 | D14: =SUMIF('Registro Polizze'!E2:E16,A14,'Registro Polizze'!K2:K16) -> 1350
A15: Commerciale | B15: =COUNTIF('Registro Polizze'!E2:E16,A15) -> 1 | C15: =SUMIF('Registro Polizze'!E2:E16,A15,'Registro Polizze'!J2:J16) -> 150000 | D15: =SUMIF('Registro Polizze'!E2:E16,A15,'Registro Polizze'!K2:K16) -> 2700
A16: Immobiliare | B16: =COUNTIF('Registro Polizze'!E2:E16,A16) -> 1 | C16: =SUMIF('Registro Polizze'!E2:E16,A16,'Registro Polizze'!J2:J16) -> 1200000 | D16: =SUMIF('Registro Polizze'!E2:E16,A16,'Registro Polizze'!K2:K16) -> 14400
A17: TOTALE | B17: =SUM(B10:B16) -> 15 | C17: =SUM(C10:C16) -> 3775000 | D17: =SUM(D10:D16) -> 69420
A20: Ripartizione per Stato Polizza
A21: Stato | B21: N. Polizze | C21: Importo Garantito (€) | D21: Premi (€)
A22: Attiva | B22: =COUNTIF('Registro Polizze'!D2:D16,A22) -> 11 | C22: =SUMIF('Registro Polizze'!D2:D16,A22,'Registro Polizze'!J2:J16) -> 3015000 | D22: =SUMIF('Registro Polizze'!D2:D16,A22,'Registro Polizze'!K2:K16) -> 51900
A23: Scaduta | B23: =COUNTIF('Registro Polizze'!D2:D16,A23) -> 3 | C23: =SUMIF('Registro Polizze'!D2:D16,A23,'Registro Polizze'!J2:J16) -> 240000 | D23: =SUMIF('Registro Polizze'!D2:D16,A23,'Registro Polizze'!K2:K16) -> 5040
A24: Annullata | B24: =COUNTIF('Registro Polizze'!D2:D16,A24) -> 0 | C24: =SUMIF('Registro Polizze'!D2:D16,A24,'Registro Polizze'!J2:J16) -> 0 | D24: =SUMIF('Registro Polizze'!D2:D16,A24,'Registro Polizze'!K2:K16) -> 0
A25: In Rinnovo | B25: =COUNTIF('Registro Polizze'!D2:D16,A25) -> 1 | C25: =SUMIF('Registro Polizze'!D2:D16,A25,'Registro Polizze'!J2:J16) -> 520000 | D25: =SUMIF('Registro Polizze'!D2:D16,A25,'Registro Polizze'!K2:K16) -> 12480
A26: Escussa | B26: =COUNTIF('Registro Polizze'!D2:D16,A26) -> 0 | C26: =SUMIF('Registro Polizze'!D2:D16,A26,'Registro Polizze'!J2:J16) -> 0 | D26: =SUMIF('Registro Polizze'!D2:D16,A26,'Registro Polizze'!K2:K16) -> 0
A27: TOTALE | B27: =SUM(B22:B26) -> 15 | C27: =SUM(C22:C26) -> 3775000 | D27: =SUM(D22:D26) -> 69420
A30: Ripartizione per Stato Pagamento
A31: Stato Pagamento | B31: N. Polizze | C31: Totale Dovuto (€) | D31: % sul Totale
A32: Pagato | B32: =COUNTIF('Registro Polizze'!O2:O16,A32) -> 11 | C32: =SUMIF('Registro Polizze'!O2:O16,A32,'Registro Polizze'!N2:N16) -> 51072.25 | D32: =IFERROR(C32/C35,0) -> 0.71026903
A33: In Attesa | B33: =COUNTIF('Registro Polizze'!O2:O16,A33) -> 3 | C33: =SUMIF('Registro Polizze'!O2:O16,A33,'Registro Polizze'!N2:N16) -> 19399.5 | D33: =IFERROR(C33/C35,0) -> 0.2697916
A34: Scaduto | B34: =COUNTIF('Registro Polizze'!O2:O16,A34) -> 1 | C34: =SUMIF('Registro Polizze'!O2:O16,A34,'Registro Polizze'!N2:N16) -> 1433.75 | D34: =IFERROR(C34/C35,0) -> 0.019939365
A35: TOTALE | B35: =SUM(B32:B34) -> 15 | C35: =SUM(C32:C34) -> 71905.5 | D35: =SUM(D32:D34) -> 1
